{"cameraMode":{"drawMode":0,"name":"Shaded","section":"Shading Mode"},"sceneLighting":true,"audioPlay":false,"sceneViewState":{"m_AlwaysRefresh":false,"showFog":false,"showSkybox":false,"showFlares":false,"showImageEffects":false,"showParticleSystems":false,"showVisualEffectGraphs":true,"m_FxEnabled":true},"in2DMode":false,"pivot":{"x":-2.191904067993164,"y":11.317780494689942,"z":-24.086536407470704},"rotation":{"x":-0.06470546871423722,"y":-0.04280155152082443,"z":0.0027763003017753364,"w":-0.9969931244850159},"size":15.833730697631836,"orthographic":true}